id,name
1,Beer - Camerons Cream Ale
2,"Lamb - Whole, Fresh"
3,Mangoes
4,Tomatoes - Roma
5,Pie Shell - 5
6,Beef Striploin Aaa
7,Wine - Magnotta - Belpaese
8,Cup - Translucent 7 Oz Clear
9,Wine - Shiraz Wolf Blass Premium
10,Kumquat
11,"Pasta - Penne, Rigate, Dry"
12,Flour - Pastry
13,"Schnappes - Peach, Walkers"
14,Sobe - Tropical Energy
15,Cheese - Mozzarella
16,Shark - Loin
17,Tea - Decaf Lipton
18,Cheese - Cottage Cheese
19,Appetizer - Veg Assortment
20,Bagel - Plain
21,Broom And Brush Rack Black
22,Lady Fingers
23,Beer - Labatt Blue
24,Ham - Virginia
25,Beer - Upper Canada Light
26,Beer - Camerons Cream Ale
27,Gloves - Goldtouch Disposable
28,Cheese - Mix
29,"Beans - Black Bean, Preserved"
30,"Pepper - Paprika, Hungarian"
31,Container - Foam Dixie 12 Oz
32,Schnappes Peppermint - Walker
33,Beef Striploin Aaa
34,"Bread - White, Unsliced"
35,Cod - Black Whole Fillet
36,Oil - Pumpkinseed
37,Ocean Spray - Ruby Red
38,Chickhen - Chicken Phyllo
39,Tomato Puree
40,"Wine - White, Riesling, Semi - Dry"
41,Figs
42,Cinnamon Buns Sticky
43,"Noodles - Cellophane, Thin"
44,Syrup - Monin - Blue Curacao
45,Pasta - Fusili Tri - Coloured
46,Glucose
47,Soup Campbells - Italian Wedding
48,"Bread - Pita, Mini"
49,"Salmon - Atlantic, Skin On"
50,Beef - Tenderloin - Aa
51,Crackers - Soda / Saltins
52,Straw - Regular
53,Bread Ww Cluster
54,Soup Campbells Turkey Veg.
55,"Veal - Brisket, Provimi,bnls"
56,Egg - Salad Premix
57,Wine - Casillero Del Diablo
58,"Oil - Truffle, Black"
59,Danishes - Mini Cheese
60,Muffin Mix - Carrot
61,Cheese Cloth
62,Chips Potato Salt Vinegar 43g
63,Sauce - Oyster
64,Cup - 8oz Coffee Perforated
65,Icecream Bar - Del Monte
66,Veal - Heart
67,"Roe - Lump Fish, Black"
68,"Soup - Campbells, Spinach Crm"
69,Mushroom - Morel Frozen
70,Whmis - Spray Bottle Trigger
71,Paper - Brown Paper Mini Cups
72,Duck - Whole
73,"Chilli Paste, Sambal Oelek"
74,Parsley - Dried
75,Sauerkraut
76,Jam - Apricot
77,"Turkey - Breast, Smoked"
78,Temperature Recording Station
79,Bagel - 12 Grain Preslice
80,"Basil - Dry, Rubbed"
81,Cranberries - Dry
82,Soup - Campbells - Chicken Noodle
83,"Liqueur Banana, Ramazzotti"
84,Cheese - Oka
85,Lamb Rack Frenched Australian
86,Wine - Ej Gallo Sierra Valley
87,Appetizer - Chicken Satay
88,Beets - Pickled
89,"Glass - Wine, Plastic, Clear 5 Oz"
90,Cheese - Augre Des Champs
91,Bread - Granary Small Pull
92,Gherkin - Sour
93,Milk - Chocolate 250 Ml
94,Flour - Masa De Harina Mexican
95,Beef - Top Butt Aaa
96,Berry Brulee
97,Asparagus - Mexican
98,Cornish Hen
99,Halibut - Fletches
100,Lemon Balm - Fresh
101,Curry Powder Madras
102,Table Cloth 91x91 Colour
103,Samosa - Veg
104,Soup Campbells Split Pea And Ham
105,Veal - Liver
106,Ice Cream Bar - Drumstick
107,Alize Gold Passion
108,Flavouring - Rum
109,Garam Marsala
110,Wine - Jaboulet Cotes Du Rhone
111,Ice Cream Bar - Hagen Daz
112,Vodka - Moskovskaya
113,"Bread - Roll, Calabrese"
114,Spice - Montreal Steak Spice
115,"Turkey - Whole, Fresh"
116,"Mushroom - Shitake, Dry"
117,Wine - Charddonnay Errazuriz
118,"Crab - Claws, 26 - 30"
119,Jam - Apricot
120,"Wine - Red, Cabernet Merlot"
121,Nantucket - 518ml
122,Maintenance Removal Charge
123,Wine - Barossa Valley Estate
124,Apples - Spartan
125,Chocolate - Milk Coating
126,Orange Roughy 6/8 Oz
127,Bouillion - Fish
128,Bagel - Everything Presliced
129,Higashimaru Usukuchi Soy
130,Tomato Puree
131,Longos - Burritos
132,Halibut - Steaks
133,Cheese - St. Paulin
134,Beer - Upper Canada Lager
135,Coffee - Flavoured
136,Gelatine Powder
137,Puff Pastry - Slab
138,Pears - Anjou
139,Walkers Special Old Whiskey
140,Spice - Montreal Steak Spice
141,Soup Campbells - Tomato Bisque
142,Sugar - Crumb
143,Bread - Hot Dog Buns
144,Poppy Seed
145,Vodka - Smirnoff
146,Duck - Whole
147,Wine - Pinot Grigio Collavini
148,Tea - Mint
149,Shrimp - Prawn
150,Calvados - Boulard
151,Tart - Lemon
152,Compound - Mocha
153,Mushroom - Chanterelle Frozen
154,"Pasta - Penne, Rigate, Dry"
155,Radish - Pickled
156,"Chocolate - Pistoles, White"
157,Momiji Oroshi Chili Sauce
158,Grapes - Black
159,Sage - Ground
160,Potatoes - Idaho 100 Count
161,"Lettuce - Mini Greens, Whole"
162,Wine - Delicato Merlot
163,Soup - Campbells Asian Noodle
164,Cake - Bande Of Fruit
165,Bread - Granary Small Pull
166,Peach - Halves
167,Energy Drink Bawls
168,Pepper - Pablano
169,Sauce - Alfredo
170,Truffle Cups - White Paper
171,Tray - 16in Rnd Blk
172,Squid - U 5
173,"Pepsi - Diet, 355 Ml"
174,"Asparagus - White, Canned"
175,Eggplant - Baby
176,Lemonade - Pineapple Passion
177,Tamarillo
178,Sauce - Sesame Thai Dressing
179,Wine - Rubyport
180,Salt - Kosher
181,"Sauce - Apple, Unsweetened"
182,Breadfruit
183,Banana
184,Wine - Duboeuf Beaujolais
185,Cheese - Fontina
186,White Fish - Filets
187,Trout - Smoked
188,Dip - Tapenade
189,Pork - Side Ribs
190,Wine - Zonnebloem Pinotage
191,Table Cloth 72x144 White
192,Iced Tea Concentrate
193,Sour Puss Sour Apple
194,"Fish - Soup Base, Bouillon"
195,Beer - Upper Canada Light
196,Container - Clear 16 Oz
197,"Napkin - Beverge, White 2 - Ply"
198,Fennel - Seeds
199,Wine - Sicilia Igt Nero Avola
200,"Syrup - Golden, Lyles"
201,Burger Veggie
202,Ice Cream - Fudge Bars
203,Wine - Chianti Classica Docg
204,Scrubbie - Scotchbrite Hand Pad
205,Cake - Lemon Chiffon
206,"Pineapple - Canned, Rings"
207,Ham - Cooked Italian
208,"Bread - Multigrain, Loaf"
209,Spinach - Baby
210,Towels - Paper / Kraft
211,Wooden Mop Handle
212,Wine - Carmenere Casillero Del
213,"Veal - Round, Eye Of"
214,Compound - Raspberry
215,Goldschalger
216,"Bread - Rolls, Corn"
217,Basil - Fresh
218,Red Pepper Paste
219,Longos - Lasagna Veg
220,Ginger - Fresh
221,Gatorade - Lemon Lime
222,Dish Towel
223,"Doilies - 7, Paper"
224,Chicken - Soup Base
225,Sprite - 355 Ml
226,"Stock - Veal, Brown"
227,Lettuce - Red Leaf
228,Nantucket - 518ml
229,Juice - Orange
230,Bread - Corn Muffaletta
231,Lettuce - Iceberg
232,"Nut - Hazelnut, Ground, Natural"
233,Pepper - Roasted Red
234,Bread - Pain Au Liat X12
235,Wine - Beringer Founders Estate
236,"Wine - Red, Harrow Estates, Cab"
237,Veal - Ground
238,Wine - Prosecco Valdobiaddene
239,Tea - Camomele
240,Cheese - Valancey
241,Orange - Blood
242,Bread - Raisin Walnut Pull
243,Wine - Soave Folonari
244,"Tortillas - Flour, 12"
245,Shrimp - 31/40
246,"Beans - Kidney, Red Dry"
247,"Brocolinni - Gaylan, Chinese"
248,Calypso - Lemonade
249,Seabream Whole Farmed
250,Potatoes - Idaho 100 Count
251,Figs
252,Kippers - Smoked
253,Salt And Pepper Mix - Black
254,Muffin Mix - Blueberry
255,French Pastries
256,Cinnamon Rolls
257,Easy Off Oven Cleaner
258,Iced Tea Concentrate
259,Sugar - Invert
260,Soap - Mr.clean Floor Soap
261,"Split Peas - Yellow, Dry"
262,Wine - Clavet Saint Emilion
263,"Wine - White, Pinot Grigio"
264,Dip - Tapenade
265,Truffle Shells - Semi - Sweet
266,Soup - Campbells Bean Medley
267,Muffin - Mix - Creme Brule 15l
268,Chocolate Bar - Coffee Crisp
269,Mousse - Banana Chocolate
270,Initation Crab Meat
271,Tilapia - Fillets
272,Bread - Pumpernickel
273,Wine - Niagara Peninsula Vqa
274,"Loaf Pan - 2 Lb, Foil"
275,Flour - Strong Pizza
276,Mince Meat - Filling
277,Ezy Change Mophandle
278,Potatoes - Idaho 80 Count
279,Wine - Redchard Merritt
280,Broom And Brush Rack Black
281,Lettuce - Romaine
282,"Carrots - Mini, Stem On"
283,Nutmeg - Ground
284,Carbonated Water - Peach
285,"Pasta - Linguini, Dry"
286,"Jam - Marmalade, Orange"
287,Lychee - Canned
288,Langers - Ruby Red Grapfruit
289,Pail With Metal Handle 16l White
290,Olive - Spread Tapenade
291,Sprouts - Alfalfa
292,"Nut - Almond, Blanched, Sliced"
293,Juice - Lemon
294,Wine - Montecillo Rioja Crianza
295,Lychee
296,Bread - Crusty Italian Poly
297,Pate - Liver
298,Cocoa Butter
299,"Halibut - Whole, Fresh"
300,"Split Peas - Green, Dry"
301,Bamboo Shoots - Sliced
302,Vaccum Bag 10x13
303,Wine - Vovray Sec Domaine Huet
304,Cheese - Bocconcini
305,Shrimp - Black Tiger 16/20
306,"Beef - Cooked, Corned"
307,Fennel - Seeds
308,"Pasta - Fettuccine, Dry"
309,"Pail - 15l White, With Handle"
310,Onions - Cippolini
311,Beer - Pilsner Urquell
312,Bagelers - Cinn / Brown
313,Magnotta Bel Paese Red
314,Beef - Tenderloin - Aa
315,Apples - Spartan
316,Milk - Condensed
317,"Tortillas - Flour, 8"
318,Basil - Pesto Sauce
319,"Pepper - Chipotle, Canned"
320,"Sole - Dover, Whole, Fresh"
321,Tart - Lemon
322,Appetizer - Assorted Box
323,Tequila Rose Cream Liquor
324,Appetizer - Sausage Rolls
325,Rice Wine - Aji Mirin
326,"Rum - White, Gg White"
327,"Pepper - Red, Finger Hot"
328,Hagen Daza - Dk Choocolate
329,"Juice - Pineapple, 48 Oz"
330,Taro Leaves
331,Tea - Orange Pekoe
332,Liners - Baking Cups
333,"Juice - Apple, 341 Ml"
334,Bread - Rye
335,Chick Peas - Canned
336,Calypso - Pineapple Passion
337,Longos - Grilled Salmon With Bbq
338,Wine - Pinot Noir Latour
339,"Pasta - Detalini, White, Fresh"
340,Beer - Steamwhistle
341,Sausage - Liver
342,"Pasta - Gnocchi, Potato"
343,Beef - Shank
344,Wine - Muscadet Sur Lie
345,Basil - Pesto Sauce
346,Papayas
347,Pears - Bartlett
348,Lobster - Canned Premium
349,Coffee - Cafe Moreno
350,Pepper - Red Bell
351,Mudslide
352,Island Oasis - Banana Daiquiri
353,Skewers - Bamboo
354,"Marsala - Sperone, Fine, D.o.c."
355,Beef - Salted
356,"Chilli Paste, Sambal Oelek"
357,"Lettuce - Mini Greens, Whole"
358,Pasta - Canelloni
359,Dried Figs
360,Longos - Lasagna Beef
361,Myers Planters Punch
362,Pastry - Cherry Danish - Mini
363,Glycerine
364,Cake Slab
365,Icecream - Dibs
366,Wine - Merlot Vina Carmen
367,"Basil - Primerba, Paste"
368,Sauce - Vodka Blush
369,Blueberries - Frozen
370,Butter - Pod
371,Longos - Chicken Curried
372,Milk 2% 500 Ml
373,Apple - Granny Smith
374,Mountain Dew
375,"Pasta - Shells, Medium, Dry"
376,Mudslide
377,Cake - Cake Sheet Macaroon
378,Juice - Lemon
379,Corn - Mini
380,Ecolab - Solid Fusion
381,Mushroom Morel Fresh
382,Pepper - Gypsy Pepper
383,Cake - Dulce De Leche
384,Cheese - Cambozola
385,Paste - Black Olive
386,"Pork - Bacon,back Peameal"
387,Clam - Cherrystone
388,Bread - White Epi Baguette
389,Steampan - Foil
390,Muffin Mix - Raisin Bran
391,Pasta - Agnolotti - Butternut
392,Chevril
393,Wine - Delicato Merlot
394,Foam Tray S2
395,Beer - Camerons Auburn
396,"Wine - White, Schroder And Schyl"
397,Scampi Tail
398,External Supplier
399,Blueberries - Frozen
400,Appetizer - Asian Shrimp Roll
401,Kale - Red
402,Juice - Lagoon Mango
403,Sauce Tomato Pouch
404,Pastry - Cheese Baked Scones
405,Kiwi Gold Zespri
406,Dawn Professionl Pot And Pan
407,Icecream - Dstk Strw Chseck
408,Potatoes - Parissienne
409,"Squash - Pattypan, Yellow"
410,Halibut - Steaks
411,Cheese - Le Cheve Noir
412,Tequila - Sauza Silver
413,Energy Drink - Franks Original
414,Ice Cream - Chocolate
415,"Beets - Candy Cane, Organic"
416,Sausage - Chorizo
417,Lettuce - Frisee
418,Spice - Montreal Steak Spice
419,"Syrup - Monin, Swiss Choclate"
420,"Soup - Knorr, Classic Can. Chili"
421,Flavouring - Raspberry
422,Salt - Seasoned
423,Spinach - Spinach Leaf
424,Zucchini - Yellow
425,Beef - Ox Tongue
426,Clam - Cherrystone
427,Appetizer - Crab And Brie
428,Wine - Fontanafredda Barolo
429,Syrup - Chocolate
430,Lobster - Tail 6 Oz
431,"Pepper - Paprika, Spanish"
432,"Veal - Chops, Split, Frenched"
433,"Yogurt - Raspberry, 175 Gr"
434,Rice - Sushi
435,Bar - Sweet And Salty Chocolate
436,Lemon Balm - Fresh
437,Table Cloth 54x72 White
438,Truffle Cups - Red
439,"Napkin - Cocktail,beige 2 - Ply"
440,"Pasta - Linguini, Dry"
441,"Lid - High Heat, Super Clear"
442,Beer - Mill St Organic
443,Oregano - Fresh
444,Toamtoes 6x7 Select
445,The Pop Shoppe - Root Beer
446,Rolled Oats
447,Coffee - Irish Cream
448,Chocolate - Dark Callets
449,Wine - Prosecco Valdobiaddene
450,"Turkey - Breast, Double"
451,Sprouts - Alfalfa
452,Soup - Boston Clam Chowder
453,"Beef - Tenderlion, Center Cut"
454,Wine - Mondavi Coastal Private
455,"Beef - Cooked, Corned"
456,"Beef - Tongue, Cooked"
457,Wine - Rubyport
458,Island Oasis - Lemonade
459,"Sauce - Black Current, Dry Mix"
460,"Syrup - Monin, Amaretta"
461,Daves Island Stinger
462,Flour Pastry Super Fine
463,"Wine - Red, Mouton Cadet"
464,Lid - 3oz Med Rec
465,Jello - Assorted
466,Pepper - Cayenne
467,Energy Drink Bawls
468,Coffee - Ristretto Coffee Capsule
469,"Coke - Diet, 355 Ml"
470,"Oil - Shortening,liqud, Fry"
471,Water Chestnut - Canned
472,Cookie Dough - Chunky
473,"Nut - Hazelnut, Ground, Natural"
474,Port - 74 Brights
475,Garam Marsala
476,Garbage Bags - Clear
477,Sambuca - Ramazzotti
478,Sprouts - Alfalfa
479,Sauce - Fish 25 Ozf Bottle
480,"Soup - Campbells, Lentil"
481,Beer - Molson Excel
482,Veal - Provimi Inside
483,Table Cloth 53x53 White
484,Rice Wine - Aji Mirin
485,Jam - Raspberry
486,Bagel - Everything Presliced
487,Bread - Italian Sesame Poly
488,Food Colouring - Orange
489,Sprouts - Peppercress
490,Clementine
491,Lid - 16 Oz And 32 Oz
492,Limes
493,Cookies Cereal Nut
494,Venison - Racks Frenched
495,Aspic - Light
496,Blueberries - Frozen
497,Ham - Proscuitto
498,Bread - Multigrain
499,"Cheese - Havarti, Salsa"
500,Oil - Sesame
501,"Salmon - Whole, 4 - 6 Pounds"
502,Beer - Blue Light
503,Flour - Semolina
504,Baking Soda
505,"Cheese - Mozzarella, Shredded"
506,Strawberries - California
507,Wine - Blue Nun Qualitatswein
508,Sprouts - Alfalfa
509,"Coconut - Creamed, Pure"
510,"Pasta - Cannelloni, Sheets, Fresh"
511,Glycerine
512,Sunflower Seed Raw
513,Puree - Mocha
514,"Placemat - Scallop, White"
515,Cheese - Shred Cheddar / Mozza
516,Wine - Marlbourough Sauv Blanc
517,Marzipan 50/50
518,Truffle - Peelings
519,Pork Ham Prager
520,Raisin - Golden
521,Port - 74 Brights
522,Trueblue - Blueberry Cranberry
523,Sherry - Dry
524,Cheese - Gouda
525,"Chocolate - Milk, Callets"
526,Pork - Back Ribs
527,Syrup - Chocolate
528,Ham - Cooked Italian
529,Mcgillicuddy Vanilla Schnap
530,Bread - Corn Muffaletta
531,Chutney Sauce - Mango
532,Cheese - Parmesan Grated
533,Rice - Sushi
534,"Apple - Delicious, Golden"
535,"Pepper - Black, Whole"
536,Nectarines
537,Lettuce - Red Leaf
538,"Mushroom - Trumpet, Dry"
539,"Olives - Black, Pitted"
540,Wine - Tio Pepe Sherry Fino
541,Wheat - Soft Kernal Of Wheat
542,Edible Flower - Mixed
543,Ice Cream - Turtles Stick Bar
544,"Wine - Magnotta, White"
545,Sesame Seed Black
546,Shrimp - Black Tiger 8 - 12
547,Squash - Acorn
548,Cookie Chocolate Chip With
549,Carrots - Jumbo
550,Bagel - Sesame Seed Presliced
551,Beef - Diced
552,"Mushroom - Oyster, Fresh"
553,Lid Tray - 16in Dome
554,Apricots - Dried
555,Lime Cordial - Roses
556,Eggplant - Baby
557,Sour Puss Raspberry
558,"Apple - Delicious, Golden"
559,"Wine - Red, Concha Y Toro"
560,"Beef - Rib Roast, Capless"
561,Cranberries - Frozen
562,Wine - Ruffino Chianti
563,Lettuce - Arugula
564,"Wine - White, Concha Y Toro"
565,Kahlua
566,Longos - Assorted Sandwich
567,"Melon - Watermelon, Seedless"
568,Melon - Cantaloupe
569,Beer - Paulaner Hefeweisse
570,Icecream Cone - Areo Chocolate
571,Passion Fruit
572,Flour - All Purpose
573,Wine - Casillero Deldiablo
574,Wine - Riesling Alsace Ac 2001
575,Cheese - Brick With Pepper
576,Chips - Potato Jalapeno
577,Daikon Radish
578,Bread - Ciabatta Buns
579,Quail - Jumbo
580,Sour Puss Sour Apple
581,"Pasta - Orzo, Dry"
582,Cheese - Taleggio D.o.p.
583,Pants Custom Dry Clean
584,Carbonated Water - Cherry
585,Soup - Campbells Beef Strogonoff
586,Gatorade - Cool Blue Raspberry
587,Cheese - Feta
588,Flour - All Purpose
589,Icecream Bar - Del Monte
590,"Salsify, Organic"
591,Jicama
592,"Pasta - Fett Alfredo, Single Serve"
593,Buffalo - Tenderloin
594,"Pork - Back, Long Cut, Boneless"
595,Milk - 2%
596,Bar - Sweet And Salty Chocolate
597,Cheese - Feta
598,General Purpose Trigger
599,Towel - Roll White
600,"Mushroom - Chantrelle, Fresh"
601,Foie Gras
602,Squeeze Bottle
603,Wine - Zonnebloem Pinotage
604,Beer - Guiness
605,Gherkin
606,Lettuce - Lambs Mash
607,"Chocolate - Semi Sweet, Calets"
608,Bagels Poppyseed
609,Creme De Cacao White
610,"Bread - Roll, Whole Wheat"
611,Paper Towel Touchless
612,Tea - Lemon Green Tea
613,"Bag - Bread, White, Plain"
614,Apple - Granny Smith
615,Lemonade - Pineapple Passion
616,Chervil - Fresh
617,"Wine - White, Schroder And Schyl"
618,Grapes - Red
619,Ketchup - Tomato
620,"Chestnuts - Whole,canned"
621,Ice Cream Bar - Oreo Sandwich
622,Wine - Bouchard La Vignee Pinot
623,"Fish - Halibut, Cold Smoked"
624,Wine - Chardonnay South
625,Cinnamon - Stick
626,Milk - Skim
627,"Pork - Loin, Boneless"
628,Island Oasis - Cappucino Mix
629,Bagel - Everything
630,V8 - Vegetable Cocktail
631,Iced Tea Concentrate
632,Soup - Tomato Mush. Florentine
633,"Orange - Canned, Mandarin"
634,Napkin Colour
635,Wine - Casillero Deldiablo
636,"Doilies - 7, Paper"
637,"Bread - Bagels, Mini"
638,Wine - Magnotta - Belpaese
639,Gooseberry
640,Rice - Long Grain
641,Chocolate - Milk
642,"Beer - Alexander Kieths, Pale Ale"
643,Beans - Butter Lrg Lima
644,Huck Towels White
645,Roe - Flying Fish
646,Glucose
647,Pear - Halves
648,Cheese - Gouda
649,"Veal - Insides, Grains"
650,Sauce - Plum
651,Apron
652,"Veal - Tenderloin, Untrimmed"
653,Apple - Granny Smith
654,Sauce - Demi Glace
655,Versatainer Nc - 8288
656,"Nut - Hazelnut, Whole"
657,Barramundi
658,Bonito Flakes - Toku Katsuo
659,"Yogurt - Banana, 175 Gr"
660,Pancetta
661,Broccoli - Fresh
662,Raisin - Dark
663,Wine - Chablis J Moreau Et Fils
664,Scallops - Live In Shell
665,Ham - Procutinni
666,Tamarind Paste
667,Scallop - St. Jaques
668,Soup - Campbells Beef Noodle
669,"Vodka - Lemon, Absolut"
670,Chinese Lemon Pork
671,Sausage - Meat
672,Pickle - Dill
673,Juice - Orangina
674,"Pasta - Fettuccine, Dry"
675,Buffalo - Striploin
676,Shiro Miso
677,Wine - Beringer Founders Estate
678,Water - Green Tea Refresher
679,Water - San Pellegrino
680,Pop Shoppe Cream Soda
681,"Nut - Walnut, Pieces"
682,Beef - Striploin Aa
683,Remy Red
684,Longos - Chicken Cordon Bleu
685,Aspic - Amber
686,Pepper - Orange
687,Wine - Mondavi Coastal Private
688,Sauce - Caesar Dressing
689,Beef - Flank Steak
690,Wine - Domaine Boyar Royal
691,Salt And Pepper Mix - White
692,"Nut - Almond, Blanched, Sliced"
693,Longos - Chicken Caeser Salad
694,Pickles - Gherkins
695,"Pasta - Spaghetti, Dry"
696,"Water - Mineral, Carbonated"
697,"Nut - Peanut, Roasted"
698,Bread - Raisin
699,"Juice - Clamato, 341 Ml"
700,Tart - Lemon
701,"Bread - Rolls, Corn"
702,"Syrup - Monin, Irish Cream"
703,Butter Ripple - Phillips
704,Shrimp - 100 / 200 Cold Water
705,Bread - Flat Bread
706,Steam Pan Full Lid
707,Capon - Whole
708,"Juice - Orange, Concentrate"
709,Crackers - Water
710,Duck - Breast
711,Mustard Prepared
712,"Wine - Red, Cabernet Sauvignon"
713,Chicken - Base
714,Coconut Milk - Unsweetened
715,Lamb Rack - Ontario
716,Instant Coffee
717,"Juice - Orange, 341 Ml"
718,"Pasta - Rotini, Dry"
719,Beef - Diced
720,Pork - Smoked Back Bacon
721,Cardamon Seed / Pod
722,Strawberries
723,Wine - Ice Wine
724,Banana
725,Eggs - Extra Large
726,Extract Vanilla Pure
727,Snapple - Mango Maddness
728,Wine - Guy Sage Touraine
729,Radish - Pickled
730,Puree - Blackcurrant
731,"Wine - Saint - Bris 2002, Sauv"
732,"Appetizer - Spring Roll, Veg"
733,Tea - Mint
734,Cake - Bande Of Fruit
735,Mayonnaise
736,Tofu - Firm
737,Oil - Coconut
738,Soup Campbells Split Pea And Ham
739,Mix Pina Colada
740,"Pork - Sausage, Medium"
741,Rice - 7 Grain Blend
742,Ice Cream Bar - Hagen Daz
743,Cookie Choc
744,Squash - Acorn
745,Wine - Casillero Del Diablo
746,Chambord Royal
747,"Tart Shells - Sweet, 4"
748,Juice - Lemon
749,"Pasta - Orzo, Dry"
750,Bread - Triangle White
751,Cookies Almond Hazelnut
752,Cheese - Cambozola
753,Soup - Campbells - Chicken Noodle
754,Sauce - Plum
755,Chives - Fresh
756,Pea - Snow
757,"Wine - Red, Metus Rose"
758,Longos - Chicken Cordon Bleu
759,Tea - Herbal - 6 Asst
760,Bread - Bistro White
761,Carbonated Water - Cherry
762,Rambutan
763,Wine - Chablis J Moreau Et Fils
764,Cheese - Blue
765,Pineapple - Golden
766,Munchies Honey Sweet Trail Mix
767,Cookie Double Choco
768,Beef - Short Ribs
769,V8 - Berry Blend
770,Cheese - Parmigiano Reggiano
771,Beer - Steamwhistle
772,Rabbit - Whole
773,"Napkin - Dinner, White"
774,"Mushroom - Enoki, Dry"
775,Pancetta
776,Tuna - Loin
777,Salmon - Sockeye Raw
778,"Beef - Bones, Marrow"
779,Appetizer - Smoked Salmon / Dill
780,Corn Meal
781,Glaze - Apricot
782,Broccoli - Fresh
783,Oil - Peanut
784,"Sugar - Brown, Individual"
785,Tarts Assorted
786,Isomalt
787,"Tray - Foam, Square 4 - S"
788,Wine - Acient Coast Caberne
789,Baking Powder
790,Mace
791,"Pepper - Paprika, Spanish"
792,"Salmon - Atlantic, No Skin"
793,Tea - Black Currant
794,Langers - Ruby Red Grapfruit
795,Tomatoes - Yellow Hot House
796,"Nut - Pecan, Halves"
797,"Bread - Roll, Italian"
798,Gherkin
799,Lemon Grass
800,Munchies Honey Sweet Trail Mix
801,Blueberries
802,Pasta - Ravioli
803,Tea - Grapefruit Green Tea
804,Cheese - Montery Jack
805,Beef - Striploin Aa
806,English Muffin
807,"Ecolab - Orange Frc, Cleaner"
808,"Nut - Hazelnut, Ground, Natural"
809,"Yogurt - Blueberry, 175 Gr"
810,Turnip - Wax
811,"Stock - Beef, White"
812,Ecolab Silver Fusion
813,Chicken - Leg / Back Attach
814,Calypso - Strawberry Lemonade
815,Figs
816,Pomegranates
817,Capicola - Hot
818,"Pork - Bacon, Double Smoked"
819,Island Oasis - Mango Daiquiri
820,Lettuce - Iceberg
821,Honey - Lavender
822,Pastry - Cherry Danish - Mini
823,Cheese - Colby
824,Cup - Translucent 7 Oz Clear
825,"Soup - Knorr, Veg / Beef"
826,"Trout - Hot Smkd, Dbl Fillet"
827,Tea Leaves - Oolong
828,Flour - Strong Pizza
829,Coffee - Decafenated
830,Wine - Domaine Boyar Royal
831,Toamtoes 6x7 Select
832,Banana Turning
833,"Pasta - Cappellini, Dry"
834,Cheese - Comte
835,Milk - Buttermilk
836,Tomatillo
837,Foam Dinner Plate
838,Lotus Rootlets - Canned
839,Eggwhite Frozen
840,Shrimp - Black Tiger 13/15
841,Tea - Grapefruit Green Tea
842,"Mushroom - Trumpet, Dry"
843,Soap - Hand Soap
844,Muffin Batt - Blueberry Passion
845,"Wine - Bourgogne 2002, La"
846,Barley - Pearl
847,"7up Diet, 355 Ml"
848,Cake - Miini Cheesecake Cherry
849,Kellogs Cereal In A Cup
850,Longos - Grilled Chicken With
851,Chinese Foods - Chicken Wing
852,Sugar - White Packet
853,Veal - Provimi Inside
854,Papayas
855,Celery
856,Pernod
857,Ice Cream - Life Savers
858,Milk - Homo
859,Beef - Top Sirloin - Aaa
860,Pop Shoppe Cream Soda
861,Flavouring - Orange
862,Southern Comfort
863,Soupcontfoam16oz 116con
864,Bread - Granary Small Pull
865,Rice - Sushi
866,"Rosemary - Primerba, Paste"
867,Whmis - Spray Bottle Trigger
868,"Tortillas - Flour, 10"
869,Milk - 2% 250 Ml
870,Coriander - Seed
871,"Beef - Ground, Extra Lean, Fresh"
872,Nantucket - Carrot Orange
873,Sauce - Hp
874,Kolrabi
875,Oil - Cooking Spray
876,Bread Base - Goodhearth
877,White Baguette
878,Coconut Milk - Unsweetened
879,Tea Peppermint
880,Sunflower Seed Raw
881,Chocolate - Milk
882,Juice - Propel Sport
883,Steamers White
884,Pickle - Dill
885,"Cheese - Manchego, Spanish"
886,Poppy Seed
887,Ezy Change Mophandle
888,Cassis
889,Worcestershire Sauce
890,Pomello
891,Bread - White Mini Epi
892,Bread Ww Cluster
893,Wine - Cava Aria Estate Brut
894,Juice - Cranberry 284ml
895,Tomatoes
896,Ketchup - Tomato
897,Beef Wellington
898,"Salmon - Atlantic, No Skin"
899,"Wine - White, Chardonnay"
900,Puree - Raspberry
901,Cake - Mini Cheesecake
902,Juice - Mango
903,Pomegranates
904,"Turkey - Breast, Boneless Sk On"
905,"Nestea - Ice Tea, Diet"
906,"Soup - Knorr, Veg / Beef"
907,Glycerine
908,"Water - Spring Water, 355 Ml"
909,"Tart Shells - Sweet, 2"
910,Pepper - Green Thai
911,"Wine - White, Cooking"
912,Pear - Prickly
913,Soup - Campbells - Tomato
914,Potatoes - Parissienne
915,Napkin - Beverage 1 Ply
916,Pastry - Baked Cinnamon Stick
917,Beef - Cow Feet Split
918,Juice - Mango
919,Sprite - 355 Ml
920,"Wine - Red, Black Opal Shiraz"
921,Bandage - Fexible 1x3
922,Wine - Ej Gallo Sierra Valley
923,Sage - Fresh
924,Ice Cream Bar - Oreo Cone
925,Yoghurt Tubes
926,"Veal - Round, Eye Of"
927,Table Cloth 53x53 White
928,Vinegar - Red Wine
929,Irish Cream - Baileys
930,"Lamb - Leg, Bone In"
931,Truffle Paste
932,Hot Choc Vending
933,"Apple - Delicious, Golden"
934,Sugar - Splenda Sweetener
935,Dasheen
936,Cocoa Powder - Dutched
937,Dikon
938,Cod - Black Whole Fillet
939,"Fish - Soup Base, Bouillon"
940,Crush - Cream Soda
941,Soupfoamcont12oz 112con
942,Broccoli - Fresh
943,Muffin Batt - Blueberry Passion
944,Muffin Mix - Oatmeal
945,Beef - Sushi Flat Iron Steak
946,"Cheese - Cheddar, Old White"
947,Canada Dry
948,Flour - Strong Pizza
949,Appetizer - Escargot Puff
950,Danishes - Mini Raspberry
951,Wanton Wrap
952,Veal - Sweetbread
953,Parsnip
954,Fruit Salad Deluxe
955,Latex Rubber Gloves Size 9
956,Soup - French Onion
957,Pea - Snow
958,Vaccum Bag 10x13
959,"Syrup - Golden, Lyles"
960,Apricots - Halves
961,"Olives - Green, Pitted"
962,"Pasta - Tortellini, Fresh"
963,"Beans - Fava, Canned"
964,Bagelers - Cinn / Brown
965,Tia Maria
966,Longos - Lasagna Beef
967,Lamb - Sausage Casings
968,Beef - Ground Medium
969,Sauce - Cranberry
970,"Tart Shells - Sweet, 3"
971,Wine - Baron De Rothschild
972,"Butter - Salted, Micro"
973,Sprouts - Bean
974,"Beef - Bones, Marrow"
975,Pastry - Key Limepoppy Seed Tea
976,Greens Mustard
977,Wine - Delicato Merlot
978,Mustard - Individual Pkg
979,Muffin - Mix - Strawberry Rhubarb
980,Soap - Pine Sol Floor Cleaner
981,Mushroom - White Button
982,Cafe Royale
983,Cookies Cereal Nut
984,Port - 74 Brights
985,Veal - Striploin
986,Barley - Pearl
987,Easy Off Oven Cleaner
988,Flower - Commercial Spider
989,Chocolate - Semi Sweet
990,Bread Foccacia Whole
991,Cheese - Bocconcini
992,Clementine
993,Cookie - Oatmeal
994,"Juice - Clam, 46 Oz"
995,Long Island Ice Tea
996,Chicken Giblets
997,Pastry - Baked Scones - Mini
998,Quail Eggs - Canned
999,Bagels Poppyseed
1000,Ginger - Crystalized
